numero;nome_urna;estado_uf;partido;federacao;cargo;situacao
50;KEKA BAGNO;DF;PSOL;Federação PSOL REDE;Governador;Deferido
43;LEANDRO GRASS;DF;PV;Federação Brasil da Esperança - FE BRASIL;Governador;Deferido
11144;VALÉRIO BANDA MARANATHA;DF;PP;Nenhuma;Deputado Distrital;Indeferido
28288;PASTORA ANA CLEIA;DF;PRTB;Nenhuma;Deputado Distrital;Indeferido
7040;JUAREZ TAVORA;DF;AVANTE;Nenhuma;Deputado Federal;Indeferido
3617;ELIS BBB;DF;AGIR;Nenhuma;Deputado Federal;Indeferido
456;ALEXANDRE BISPO;DF;PSDB;Federação PSDB Cidadania;Senador;Indeferido
3623;SARGENTO CARVALHO;DF;AGIR;Nenhuma;Deputado Federal;Indeferido
90010;EDMILSON BOA MORTE;DF;PROS;Nenhuma;Deputado Distrital;Indeferido
77444;SILVANA TORRES RODRIGUES;DF;SOLIDARIEDADE;Nenhuma;Deputado Distrital;Indeferido
555;CARLOS RODRIGUES;DF;PSD;Nenhuma;Senador;Deferido
133;ROSILENE CORRÊA;DF;PT;Federação Brasil da Esperança - FE BRASIL;Senador;Deferido
1123;PROFESSORA CELY MUNIZ;DF;PP;Nenhuma;Deputado Federal;Deferido
3033;NANA;DF;NOVO;Nenhuma;Deputado Federal;Deferido
2261;BELLE BORGES;DF;PL;Nenhuma;Deputado Federal;Deferido
2222;BIA KICIS;DF;PL;Nenhuma;Deputado Federal;Deferido
1522;GUARDA JANIO;DF;MDB;Nenhuma;Deputado Federal;Deferido
1501;MARLI DA SAUDE;DF;MDB;Nenhuma;Deputado Federal;Deferido
1500;AMANDA RAMALHO;DF;MDB;Nenhuma;Deputado Federal;Deferido
1800;ROBERTO CABRAL;DF;REDE;Federação PSOL REDE;Deputado Federal;Deferido
7788;LIGIA AMORIM;DF;SOLIDARIEDADE;Nenhuma;Deputado Federal;Deferido
4455;JÚLIA LUCY;DF;UNIÃO;Nenhuma;Deputado Federal;Deferido
1900;CRIS OTAVIANO;DF;PODE;Nenhuma;Deputado Federal;Deferido
1988;REGIS MACHADO (FPC);DF;PODE;Nenhuma;Deputado Federal;Deferido
1999;WAGNER ALVES;DF;PODE;Nenhuma;Deputado Federal;Deferido
1011;POLICIAL SILMARA MIRANDA;DF;REPUBLICANOS;Nenhuma;Deputado Federal;Deferido
2929;RICARDO MACHADO;DF;PCO;Nenhuma;Deputado Federal;Deferido
9033;LUIZÃO;DF;PROS;Nenhuma;Deputado Federal;Deferido
9000;MÁRCIA HOLANDA;DF;PROS;Nenhuma;Deputado Federal;Deferido
5501;CORONEL SHEYLA;DF;PSD;Nenhuma;Deputado Federal;Deferido
5544;IBI BATISTA;DF;PSD;Nenhuma;Deputado Federal;Deferido
2700;PROF. LUCINEIDE;DF;DC;Nenhuma;Deputado Federal;Deferido
2044;DR RAFAEL FREIRE;DF;PSC;Nenhuma;Deputado Federal;Deferido
2000;WANDER MACIEL;DF;PSC;Nenhuma;Deputado Federal;Deferido
1498;JOSE MACIEL;DF;PTB;Nenhuma;Deputado Federal;Deferido
1477;PAULO BOMBEIRO;DF;PTB;Nenhuma;Deputado Federal;Deferido
7007;DR HEMERSON LUZ;DF;AVANTE;Nenhuma;Deputado Federal;Deferido
7070;ELIZEU SOUZA;DF;AVANTE;Nenhuma;Deputado Federal;Deferido
1234;DENISE FRANCO;DF;PDT;Nenhuma;Deputado Federal;Deferido
1223;ROBERTA CAMARGO;DF;PDT;Nenhuma;Deputado Federal;Deferido
3669;PEDRA;DF;AGIR;Nenhuma;Deputado Federal;Deferido
3633;DR DENTE;DF;AGIR;Nenhuma;Deputado Federal;Deferido
33777;GLAUCIO CUNHA;DF;PMN;Nenhuma;Deputado Distrital;Deferido
33300;REGIS LIMA;DF;PMN;Nenhuma;Deputado Distrital;Deferido
33012;BISPO WELDO;DF;PMN;Nenhuma;Deputado Distrital;Deferido
33100;EUDES JUDITH;DF;PMN;Nenhuma;Deputado Distrital;Deferido
33033;ÁKILLA MARINHO;DF;PMN;Nenhuma;Deputado Distrital;Deferido
12344;LÉO RANGEL;DF;PDT;Nenhuma;Deputado Distrital;Deferido
12321;GABY SANTOS;DF;PDT;Nenhuma;Deputado Distrital;Deferido
90123;JACKSON DA EXPANSÃO;DF;PROS;Nenhuma;Deputado Distrital;Deferido
90789;DRA. KAREN RECHMANN;DF;PROS;Nenhuma;Deputado Distrital;Deferido
90888;ANA CRISTINA;DF;PROS;Nenhuma;Deputado Distrital;Deferido
35677;SAMIA WALÊSKA;DF;PMB;Nenhuma;Deputado Distrital;Deferido
35321;DRA MARIA RITA;DF;PMB;Nenhuma;Deputado Distrital;Deferido
44401;EDINÉZIO SANTOS;DF;UNIÃO;Nenhuma;Deputado Distrital;Deferido
44022;SANDRA FARAJ;DF;UNIÃO;Nenhuma;Deputado Distrital;Deferido
44044;DANIEL RADAR;DF;UNIÃO;Nenhuma;Deputado Distrital;Deferido
45000;CRÍCIA CANTORA DE PENTECOSTES;DF;PSDB;Federação PSDB Cidadania;Deputado Distrital;Deferido
23122;EUCLIDES PAPIROS;DF;CIDADANIA;Federação PSDB Cidadania;Deputado Distrital;Deferido
70500;LORENA RAIZAMA;DF;AVANTE;Nenhuma;Deputado Distrital;Deferido
70300;ELEN FRANCO;DF;AVANTE;Nenhuma;Deputado Distrital;Deferido
70022;JULIANA  PORCARO SABOIA;DF;AVANTE;Nenhuma;Deputado Distrital;Deferido
22000;JOAQUIM RORIZ NETO;DF;PL;Nenhuma;Deputado Distrital;Deferido
22150;PR. ANDERSON SILVA;DF;PL;Nenhuma;Deputado Distrital;Deferido
70111;SILENE DA SAÚDE;DF;AVANTE;Nenhuma;Deputado Distrital;Deferido
70222;EMANUELL RESOLVE;DF;AVANTE;Nenhuma;Deputado Distrital;Deferido
10800;DR. EDUARDO MOREIRA;DF;REPUBLICANOS;Nenhuma;Deputado Distrital;Deferido
22100;ILDA PELIZ;DF;PL;Nenhuma;Deputado Distrital;Deferido
22122;BISPO RENATO;DF;PL;Nenhuma;Deputado Distrital;Deferido
22777;EDUARDO TORRES;DF;PL;Nenhuma;Deputado Distrital;Deferido
10456;DELMASSO;DF;REPUBLICANOS;Nenhuma;Deputado Distrital;Deferido
22222;DANIEL DONIZET;DF;PL;Nenhuma;Deputado Distrital;Deferido
40456;LUZIA DE PAULA;DF;PSB;Nenhuma;Deputado Distrital;Deferido
40013;PROFESSORA JANA ALMEIDA;DF;PSB;Nenhuma;Deputado Distrital;Deferido
40222;DAYSE AMARILIO;DF;PSB;Nenhuma;Deputado Distrital;Deferido
40105;PROFESSOR FRANCELINO;DF;PSB;Nenhuma;Deputado Distrital;Deferido
20335;PROFESSOR NINÃ;DF;PSC;Nenhuma;Deputado Distrital;Deferido
20321;PROF.ROBERT MARQUES;DF;PSC;Nenhuma;Deputado Distrital;Deferido
20220;EUDES DO BOXE;DF;PSC;Nenhuma;Deputado Distrital;Deferido
36111;CARLOS DALVAN;DF;AGIR;Nenhuma;Deputado Distrital;Deferido
36100;TIA NAIR;DF;AGIR;Nenhuma;Deputado Distrital;Deferido
14147;CLEBER MOITINHO;DF;PTB;Nenhuma;Deputado Distrital;Deferido
55511;RENATINHO;DF;PSD;Nenhuma;Deputado Distrital;Deferido
15000;IOLANDO;DF;MDB;Nenhuma;Deputado Distrital;Deferido
15222;TABANEZ;DF;MDB;Nenhuma;Deputado Distrital;Deferido
15012;VÉI DA DOZE SARGENTO BONINA;DF;MDB;Nenhuma;Deputado Distrital;Deferido
77456;ANTONIO MENDES;DF;SOLIDARIEDADE;Nenhuma;Deputado Distrital;Deferido
77007;ERICK PÉTER;DF;SOLIDARIEDADE;Nenhuma;Deputado Distrital;Deferido
18000;PROFESSOR GUI SOUSA;DF;REDE;Federação PSOL REDE;Deputado Distrital;Deferido
19123;DR GUTEMBERG;DF;PODE;Nenhuma;Deputado Distrital;Deferido
19266;PROFESSORA TEREZINHA;DF;PODE;Nenhuma;Deputado Distrital;Deferido
19800;PATRÍCIA AMADA BRASIL;DF;PODE;Nenhuma;Deputado Distrital;Deferido
19038;TELES GUERREIRO;DF;PODE;Nenhuma;Deputado Distrital;Deferido
19222;LUCIANO SEBALHO;DF;PODE;Nenhuma;Deputado Distrital;Deferido
11077;JACKSON SANTANA;DF;PP;Nenhuma;Deputado Distrital;Deferido
11123;ANDERSON MEDINA;DF;PP;Nenhuma;Deputado Distrital;Deferido
43210;WALDIR CORDEIRO;DF;PV;Federação Brasil da Esperança - FE BRASIL;Deputado Distrital;Deferido
65555;VERÔNICA GOULART COLETIVO;DF;PC do B;Federação Brasil da Esperança - FE BRASIL;Deputado Distrital;Deferido
27017;LUCIMÁRIO;DF;DC;Nenhuma;Deputado Distrital;Deferido
27220;BRAGA;DF;DC;Nenhuma;Deputado Distrital;Deferido
27333;JOÃO PROFETA;DF;DC;Nenhuma;Deputado Distrital;Deferido
27722;FELLIPE PASSOS;DF;DC;Nenhuma;Deputado Distrital;Deferido
27007;MAGAIVER;DF;DC;Nenhuma;Deputado Distrital;Deferido
27555;RONO PINHEIRO;DF;DC;Nenhuma;Deputado Distrital;Deferido
27127;TIA LU;DF;DC;Nenhuma;Deputado Distrital;Deferido
80180;GABI DO MOVIMENTO OLGA;DF;UP;Nenhuma;Deputado Distrital;Deferido
28082;ERICK ASSIS;DF;PRTB;Nenhuma;Deputado Distrital;Deferido
28000;JOSÉ LUIZ RAVENA;DF;PRTB;Nenhuma;Deputado Distrital;Deferido
28128;ALINE CALADO;DF;PRTB;Nenhuma;Deputado Distrital;Deferido
28088;DANILO ARAGÃO;DF;PRTB;Nenhuma;Deputado Distrital;Deferido
30044;SÓLON BEETHOVEN;DF;NOVO;Nenhuma;Deputado Distrital;Deferido
30033;ELIZABETH CRISTINA;DF;NOVO;Nenhuma;Deputado Distrital;Deferido
161;SÍLVIO;DF;PSTU;Nenhuma;2º Suplente;Deferido
50;TONI DE CASTRO;DF;PSOL;Federação PSOL REDE;Vice-Governador;Deferido
45;BETH CUPERTINO;DF;PRTB;Nenhuma;Vice-Governador;Deferido
14;DR LUIZ GUSTAVO;DF;PTB;Nenhuma;Vice-Governador;Deferido
23888;BENEDITO DA VOZINHA;DF;CIDADANIA;Federação PSDB Cidadania;Deputado Distrital;Indeferido
3000;PAULO ROQUE;DF;NOVO;Nenhuma;Deputado Federal;Deferido
55;PAULO OCTÁVIO PO;DF;PSD;Nenhuma;Governador;Deferido
14;CORONEL MORENO;DF;PTB;Nenhuma;Governador;Deferido
16;ROBSON;DF;PSTU;Nenhuma;Governador;Deferido
51031;MEIRE;DF;PATRIOTA;Nenhuma;Deputado Distrital;Indeferido
36789;PAULO ROGÉRIO;DF;AGIR;Nenhuma;Deputado Distrital;Indeferido
777;DR FRANKLIN COSTA;DF;SOLIDARIEDADE;Nenhuma;2º Suplente;Indeferido
4545;SÉRGIO IZALCI;DF;PSDB;Federação PSDB Cidadania;Deputado Federal;Indeferido
77888;JÂNIO FERREIRA;DF;SOLIDARIEDADE;Nenhuma;Deputado Distrital;Indeferido
19141;AMIGOS DA LIAH;DF;PODE;Nenhuma;Deputado Distrital;Indeferido
456;SÔNIA CARVALHO;DF;PSDB;Federação PSDB Cidadania;2º Suplente;Indeferido
777;LOURDINHA WERNECK;DF;PSDB;Federação PSDB Cidadania;2º Suplente;Indeferido
12;JOE VALLE;DF;PDT;Nenhuma;Vice-Governador;Indeferido
40;PROFESSORA JANA ALMEIDA;DF;PSB;Nenhuma;Vice-Governador;Indeferido
123;JOE VALLE;DF;PDT;Nenhuma;Senador;Deferido
1155;ROGERIO ROSSO;DF;PP;Nenhuma;Deputado Federal;Deferido
1100;MARCOS DOMINGOS DF DE DIREITA;DF;PP;Nenhuma;Deputado Federal;Deferido
4050;LARISSA SCHMIDT;DF;PSB;Nenhuma;Deputado Federal;Deferido
4055;MÃE BAIANA;DF;PSB;Nenhuma;Deputado Federal;Deferido
5050;PROFA. FÁTIMA SOUSA;DF;PSOL;Federação PSOL REDE;Deputado Federal;Deferido
5099;MANDATO COLETIVO BEM VIVER THI;DF;PSOL;Federação PSOL REDE;Deputado Federal;Deferido
4321;LOUISE VERDE;DF;PV;Federação Brasil da Esperança - FE BRASIL;Deputado Federal;Deferido
3361;CLEUSA VASCONCELOS;DF;PMN;Nenhuma;Deputado Federal;Deferido
2323;CHICO ANDRADE;DF;CIDADANIA;Federação PSDB Cidadania;Deputado Federal;Deferido
7757;VIVI ALVES;DF;SOLIDARIEDADE;Nenhuma;Deputado Federal;Deferido
1991;CAROL RIBEIRO;DF;PODE;Nenhuma;Deputado Federal;Deferido
1919;GERA DE CASTRO;DF;PODE;Nenhuma;Deputado Federal;Deferido
1020;FRED LINHARES;DF;REPUBLICANOS;Nenhuma;Deputado Federal;Deferido
1015;GILVAN MAXIMO;DF;REPUBLICANOS;Nenhuma;Deputado Federal;Deferido
5151;VICTOR OKUBO;DF;PATRIOTA;Nenhuma;Deputado Federal;Deferido
5111;PASTOR SIDRAQUE PINHEIRO;DF;PATRIOTA;Nenhuma;Deputado Federal;Deferido
5551;DRA GIL;DF;PSD;Nenhuma;Deputado Federal;Deferido
5590;NEVITON SANGUE BOM;DF;PSD;Nenhuma;Deputado Federal;Deferido
2733;CRISTIAN LIMA;DF;DC;Nenhuma;Deputado Federal;Deferido
2033;IVAN BIGODE;DF;PSC;Nenhuma;Deputado Federal;Deferido
2002;GLAUCE FRANCO;DF;PSC;Nenhuma;Deputado Federal;Deferido
1222;EUCLIDES ASSUNÇÃO;DF;PDT;Nenhuma;Deputado Federal;Deferido
3622;EMY LEITÃO;DF;AGIR;Nenhuma;Deputado Federal;Deferido
33111;PROFESSORA HÉRICA;DF;PMN;Nenhuma;Deputado Distrital;Deferido
33444;CANTOR WELLINGTON JOSÉ;DF;PMN;Nenhuma;Deputado Distrital;Deferido
33222;SERGINHO DAMACENO;DF;PMN;Nenhuma;Deputado Distrital;Deferido
33233;JOÃO DIAS;DF;PMN;Nenhuma;Deputado Distrital;Deferido
33800;ADELSON ROCHA - DERSON PIAUÍ;DF;PMN;Nenhuma;Deputado Distrital;Deferido
12022;WILLIAN MEGA BOX;DF;PDT;Nenhuma;Deputado Distrital;Deferido
12345;LEANDRO PEDROSO;DF;PDT;Nenhuma;Deputado Distrital;Deferido
12127;DIL EMANUEL;DF;PDT;Nenhuma;Deputado Distrital;Deferido
12777;PIPOKA DO BASQUETE;DF;PDT;Nenhuma;Deputado Distrital;Deferido
12123;SANDRA TOMÉ;DF;PDT;Nenhuma;Deputado Distrital;Deferido
90190;DELEGADO FERNANDO FERNANDES;DF;PROS;Nenhuma;Deputado Distrital;Deferido
35122;CAPITÃO ENES;DF;PMB;Nenhuma;Deputado Distrital;Deferido
35555;MAICON MIRANDA;DF;PMB;Nenhuma;Deputado Distrital;Deferido
35190;LUCIANO LUCAS;DF;PMB;Nenhuma;Deputado Distrital;Deferido
44100;PROFESSOR RODRIGÃO;DF;UNIÃO;Nenhuma;Deputado Distrital;Deferido
44910;DANY CATUNDA;DF;UNIÃO;Nenhuma;Deputado Distrital;Deferido
44180;DEISE ANDRADE;DF;UNIÃO;Nenhuma;Deputado Distrital;Deferido
51222;ROGÉRIO CONSELHEIRO;DF;PATRIOTA;Nenhuma;Deputado Distrital;Deferido
51511;DR RICARDO;DF;PATRIOTA;Nenhuma;Deputado Distrital;Deferido
23100;JONATHAN COUTO;DF;CIDADANIA;Federação PSDB Cidadania;Deputado Distrital;Deferido
23456;CAMARGO MINHA CAPITAL;DF;CIDADANIA;Federação PSDB Cidadania;Deputado Distrital;Deferido
70900;IVANA GUIMARÃES;DF;AVANTE;Nenhuma;Deputado Distrital;Deferido
70358;RAFAEL SANTANA FILHO SAMAMBAIA;DF;AVANTE;Nenhuma;Deputado Distrital;Deferido
70456;DIVINO ROSA;DF;AVANTE;Nenhuma;Deputado Distrital;Deferido
22345;WESLEY SANTOS;DF;PL;Nenhuma;Deputado Distrital;Deferido
22123;AGACIEL MAIA;DF;PL;Nenhuma;Deputado Distrital;Deferido
22007;RICARDO CAIAFA;DF;PL;Nenhuma;Deputado Distrital;Deferido
10147;VANDERLI DIAS;DF;REPUBLICANOS;Nenhuma;Deputado Distrital;Deferido
40001;PROF MANOEL EVERTON;DF;PSB;Nenhuma;Deputado Distrital;Deferido
40115;SUZELE VELOSO;DF;PSB;Nenhuma;Deputado Distrital;Deferido
40404;PROFESSOR RICARDO ROCHA;DF;PSB;Nenhuma;Deputado Distrital;Deferido
20200;MÔNICA BASTOS ;DF;PSC;Nenhuma;Deputado Distrital;Deferido
20000;SCOOBY UBE ;DF;PSC;Nenhuma;Deputado Distrital;Deferido
36999;JULIO CESAR DELEGADO;DF;AGIR;Nenhuma;Deputado Distrital;Deferido
36555;DOUTORA JANE;DF;AGIR;Nenhuma;Deputado Distrital;Deferido
14120;TENENTE BARROS MOREIRA;DF;PTB;Nenhuma;Deputado Distrital;Deferido
14567;CRISTIANO CAIADO;DF;PTB;Nenhuma;Deputado Distrital;Deferido
14111;ADELANE MACIEL;DF;PTB;Nenhuma;Deputado Distrital;Deferido
14700;RAY VIEIRA;DF;PTB;Nenhuma;Deputado Distrital;Deferido
14022;JOAO SALAS;DF;PTB;Nenhuma;Deputado Distrital;Deferido
55192;JORGE VIANNA;DF;PSD;Nenhuma;Deputado Distrital;Deferido
55255;DAI NASTEOLI;DF;PSD;Nenhuma;Deputado Distrital;Deferido
55200;NAGELA MARIA;DF;PSD;Nenhuma;Deputado Distrital;Deferido
55234;DEBORAH CARVALHIDO;DF;PSD;Nenhuma;Deputado Distrital;Deferido
15190;HERMETO;DF;MDB;Nenhuma;Deputado Distrital;Deferido
15504;NEIDE MESSIAS;DF;MDB;Nenhuma;Deputado Distrital;Deferido
15001;GEORGE SOUZA;DF;MDB;Nenhuma;Deputado Distrital;Deferido
77000;MATEUS MOURA;DF;SOLIDARIEDADE;Nenhuma;Deputado Distrital;Deferido
18181;DRA ENILDE NERES;DF;REDE;Federação PSOL REDE;Deputado Distrital;Deferido
18061;MORELLI;DF;REDE;Federação PSOL REDE;Deputado Distrital;Deferido
50420;JUAN RICTHELLY;DF;PSOL;Federação PSOL REDE;Deputado Distrital;Deferido
50050;MARIVALDO PEREIRA;DF;PSOL;Federação PSOL REDE;Deputado Distrital;Deferido
19030;LORENA FERREIRA;DF;PODE;Nenhuma;Deputado Distrital;Deferido
11192;ERALDO DA SAÚDE;DF;PP;Nenhuma;Deputado Distrital;Deferido
11555;RENATO SANTANA;DF;PP;Nenhuma;Deputado Distrital;Deferido
13131;GABRIEL MAGNO;DF;PT;Federação Brasil da Esperança - FE BRASIL;Deputado Distrital;Deferido
43123;WASNY;DF;PV;Federação Brasil da Esperança - FE BRASIL;Deputado Distrital;Deferido
43420;JEANN CUNHA;DF;PV;Federação Brasil da Esperança - FE BRASIL;Deputado Distrital;Deferido
27000;KELWEN TCHALES;DF;DC;Nenhuma;Deputado Distrital;Deferido
28200;PROFESSOR EDUARDO REZENDE;DF;PRTB;Nenhuma;Deputado Distrital;Deferido
28434;ELIMAR CARVALHO;DF;PRTB;Nenhuma;Deputado Distrital;Deferido
28500;SARGENTO FLÁVIO MENDES;DF;PRTB;Nenhuma;Deputado Distrital;Deferido
30061;MÁRCIO ANTONELO;DF;NOVO;Nenhuma;Deputado Distrital;Deferido
30420;JOHN RAYNER;DF;NOVO;Nenhuma;Deputado Distrital;Deferido
555;FABIANA LACERDA;DF;PSD;Nenhuma;1º Suplente;Deferido
290;VALMIR BARBOSA;DF;PCO;Nenhuma;2º Suplente;Deferido
55;FELIPE BELMONTE;DF;PSC;Nenhuma;Vice-Governador;Deferido
16;ZANATA;DF;PSTU;Nenhuma;Vice-Governador;Deferido
7790;JANISIO MELO;DF;SOLIDARIEDADE;Nenhuma;Deputado Federal;Indeferido
70555;PROFESSOR FERNANDO MOURA;DF;AVANTE;Nenhuma;Deputado Distrital;Indeferido
14444;BRUNELLI;DF;PTB;Nenhuma;Deputado Distrital;Indeferido
55190;ROBERTSON MEDEIROS;DF;PSD;Nenhuma;Deputado Distrital;Indeferido
456;PC JUNIOR;DF;PSDB;Federação PSDB Cidadania;1º Suplente;Indeferido
2220;MARCELA PASSAMANI ;DF;PL;Nenhuma;Deputado Federal;Indeferido
3312;HÉLIO ROSA;DF;PMN;Nenhuma;Deputado Federal;Indeferido
4444;DANIEL RADAR;DF;UNIÃO;Nenhuma;Deputado Federal;Indeferido
44061;RODRIGO TOTTI;DF;UNIÃO;Nenhuma;Deputado Distrital;Indeferido
14140;LUIS FARMA;DF;PTB;Nenhuma;Deputado Distrital;Indeferido
27055;JOÃO TERRA;DF;DC;Nenhuma;Deputado Distrital;Indeferido
180;PEDRO IVO MANDATO COLETIVO;DF;REDE;Federação PSOL REDE;Senador;Deferido
1144;WILL GODOY;DF;PP;Nenhuma;Deputado Federal;Deferido
4067;PROFESSOR CRISTIANO;DF;PSB;Nenhuma;Deputado Federal;Deferido
1515;RAFAEL PRUDENTE;DF;MDB;Nenhuma;Deputado Federal;Deferido
5000;DANI SANCHEZ;DF;PSOL;Federação PSOL REDE;Deputado Federal;Deferido
1881;MIRANDA COLETIVA AFROINDÍGENA;DF;REDE;Federação PSOL REDE;Deputado Federal;Deferido
1616;TÂNIA;DF;PSTU;Nenhuma;Deputado Federal;Deferido
4545;ANDRÉIA MOURA;DF;PSDB;Federação PSDB Cidadania;Deputado Federal;Deferido
2322;HOSANA DA HORTA GIRASSOL;DF;CIDADANIA;Federação PSDB Cidadania;Deputado Federal;Deferido
4400;ELIANA PEDROSA;DF;UNIÃO;Nenhuma;Deputado Federal;Deferido
4433;ELISEU KADESH;DF;UNIÃO;Nenhuma;Deputado Federal;Deferido
1099;FABIANO INTÉRPRETE BOLSONARO;DF;REPUBLICANOS;Nenhuma;Deputado Federal;Deferido
2949;MARILIA VIEIRA;DF;PCO;Nenhuma;Deputado Federal;Deferido
5150;PROFESSOR NÉSIO;DF;PATRIOTA;Nenhuma;Deputado Federal;Deferido
9015;PROF. SEVERINO CAJAZEIRAS;DF;PROS;Nenhuma;Deputado Federal;Deferido
9009;HENRIQUE RESENDE;DF;PROS;Nenhuma;Deputado Federal;Deferido
2772;SGT HENRIQUE;DF;DC;Nenhuma;Deputado Federal;Deferido
2020;ALE CHIANELLI;DF;PSC;Nenhuma;Deputado Federal;Deferido
1456;ODISSÉIA FORÇA BRASIL;DF;PTB;Nenhuma;Deputado Federal;Deferido
7090;PROFESSORA CLARETE;DF;AVANTE;Nenhuma;Deputado Federal;Deferido
1211;VANDER LOPES;DF;PDT;Nenhuma;Deputado Federal;Deferido
3699;BRIGADEIRO ATILA MAIA;DF;AGIR;Nenhuma;Deputado Federal;Deferido
3688;ALEX DA SAÚDE;DF;AGIR;Nenhuma;Deputado Federal;Deferido
33123;ROGÉRIO MORRO DA CRUZ;DF;PMN;Nenhuma;Deputado Distrital;Deferido
33000;MISSIONÁRIA CRISTIANE;DF;PMN;Nenhuma;Deputado Distrital;Deferido
33190;JABÁ LUSIMAR ARRUDA;DF;PMN;Nenhuma;Deputado Distrital;Deferido
12369;PROFESSOR GADÊLHA;DF;PDT;Nenhuma;Deputado Distrital;Deferido
12244;SONIC MOTOBOY;DF;PDT;Nenhuma;Deputado Distrital;Deferido
90321;ALINE DE OLIVEIRA;DF;PROS;Nenhuma;Deputado Distrital;Deferido
90199;PASTOR ROBERTO;DF;PROS;Nenhuma;Deputado Distrital;Deferido
35777;RONY BARBOSA;DF;PMB;Nenhuma;Deputado Distrital;Deferido
35707;RIBAMAR MOREIRA;DF;PMB;Nenhuma;Deputado Distrital;Deferido
35193;WILKERSON FERREIRA;DF;PMB;Nenhuma;Deputado Distrital;Deferido
35999;SGT SIMÕES TOTÓ LEGAL;DF;PMB;Nenhuma;Deputado Distrital;Deferido
44122;LETÍCIA SAMPAIO;DF;UNIÃO;Nenhuma;Deputado Distrital;Deferido
51515;GREGORY BRITO;DF;PATRIOTA;Nenhuma;Deputado Distrital;Deferido
51221;DR ROGÉRIO SOLON;DF;PATRIOTA;Nenhuma;Deputado Distrital;Deferido
51123;PADRE KATÊ;DF;PATRIOTA;Nenhuma;Deputado Distrital;Deferido
51017;ELIETE AMARAL;DF;PATRIOTA;Nenhuma;Deputado Distrital;Deferido
51777;PROFESSOR IVAN MORAES;DF;PATRIOTA;Nenhuma;Deputado Distrital;Deferido
51007;SALVE JORGE;DF;PATRIOTA;Nenhuma;Deputado Distrital;Deferido
23333;PROFESSORA DEUSINHA;DF;CIDADANIA;Federação PSDB Cidadania;Deputado Distrital;Deferido
23455;PAULA BELMONTE;DF;CIDADANIA;Federação PSDB Cidadania;Deputado Distrital;Deferido
45222;MAX JAPÃO;DF;PSDB;Federação PSDB Cidadania;Deputado Distrital;Deferido
70100;MARCOS MAURÍCIO;DF;AVANTE;Nenhuma;Deputado Distrital;Deferido
70369;MC BANDIDA VALÉRIA SANTANA;DF;AVANTE;Nenhuma;Deputado Distrital;Deferido
10011;ÁLVARO CASTRO;DF;REPUBLICANOS;Nenhuma;Deputado Distrital;Deferido
22077;DRA MIRANDA FERREIRA;DF;PL;Nenhuma;Deputado Distrital;Deferido
22111;SARGENTO SANSÃO;DF;PL;Nenhuma;Deputado Distrital;Deferido
22333;OSCAR REIS;DF;PL;Nenhuma;Deputado Distrital;Deferido
22357;ANDREA QUADROS;DF;PL;Nenhuma;Deputado Distrital;Deferido
10190;MAJOR MICHELLO;DF;REPUBLICANOS;Nenhuma;Deputado Distrital;Deferido
10444;ALEX RIBEIRO;DF;REPUBLICANOS;Nenhuma;Deputado Distrital;Deferido
10123;MARTINS MACHADO;DF;REPUBLICANOS;Nenhuma;Deputado Distrital;Deferido
22050;MÔNICA ALMEIDA;DF;PL;Nenhuma;Deputado Distrital;Deferido
22633;GERALDO NASCIMENTO;DF;PL;Nenhuma;Deputado Distrital;Deferido
40107;DRA JÔ;DF;PSB;Nenhuma;Deputado Distrital;Deferido
40234;JOÃO PAULO FALANDO;DF;PSB;Nenhuma;Deputado Distrital;Deferido
40777;NAYERI ALBUQUERQUE;DF;PSB;Nenhuma;Deputado Distrital;Deferido
20221;DR. AUGUSTO JUNCAL - GUTE;DF;PSC;Nenhuma;Deputado Distrital;Deferido
20147;PROFESSORA FÁTIMA MONTENEGRO;DF;PSC;Nenhuma;Deputado Distrital;Deferido
20022;SARGENTO EVERALDO;DF;PSC;Nenhuma;Deputado Distrital;Deferido
20120;RICARDO TOBÉ;DF;PSC;Nenhuma;Deputado Distrital;Deferido
20391;ADEILTON BRAZ;DF;PSC;Nenhuma;Deputado Distrital;Deferido
36321;JOAO PAULO;DF;AGIR;Nenhuma;Deputado Distrital;Deferido
36180;ELISANGELA ALMEIDA;DF;AGIR;Nenhuma;Deputado Distrital;Deferido
36444;ARAÚJO;DF;AGIR;Nenhuma;Deputado Distrital;Deferido
36360;CRIS SANTOS;DF;AGIR;Nenhuma;Deputado Distrital;Deferido
14000;ROBSON O PERNAMBUCO;DF;PTB;Nenhuma;Deputado Distrital;Deferido
14189;RUBÃO;DF;PTB;Nenhuma;Deputado Distrital;Deferido
55321;DR LUCIMIR;DF;PSD;Nenhuma;Deputado Distrital;Deferido
55789;PASTOR HENRIQUE;DF;PSD;Nenhuma;Deputado Distrital;Deferido
55123;CLAUDIO ABRANTES;DF;PSD;Nenhuma;Deputado Distrital;Deferido
15333;CIRENE INÁCIO;DF;MDB;Nenhuma;Deputado Distrital;Deferido
15151;FILIPPELLI;DF;MDB;Nenhuma;Deputado Distrital;Deferido
15022;LESLIE SOUZA;DF;MDB;Nenhuma;Deputado Distrital;Deferido
77777;ALEXANDRE LIRA;DF;SOLIDARIEDADE;Nenhuma;Deputado Distrital;Deferido
77277;SILVESTRE ARAÚJO;DF;SOLIDARIEDADE;Nenhuma;Deputado Distrital;Deferido
77745;LACI SILVA;DF;SOLIDARIEDADE;Nenhuma;Deputado Distrital;Deferido
77373;TUANY BITERNCOURT;DF;SOLIDARIEDADE;Nenhuma;Deputado Distrital;Deferido
18123;MÁRCIO PRADO;DF;REDE;Federação PSOL REDE;Deputado Distrital;Deferido
50180;LUDMILA SUAID;DF;PSOL;Federação PSOL REDE;Deputado Distrital;Deferido
18888;RAUL NETO;DF;REDE;Federação PSOL REDE;Deputado Distrital;Deferido
50016;JULIANA DE FREITAS;DF;PSOL;Federação PSOL REDE;Deputado Distrital;Deferido
50100;MAX MACIEL;DF;PSOL;Federação PSOL REDE;Deputado Distrital;Deferido
50456;ILDEU NERY;DF;PSOL;Federação PSOL REDE;Deputado Distrital;Deferido
19007;FÁBIO MULLER;DF;PODE;Nenhuma;Deputado Distrital;Deferido
19020;XITÃO FERREIRA;DF;PODE;Nenhuma;Deputado Distrital;Deferido
11777;MARCELO AGUIAR;DF;PP;Nenhuma;Deputado Distrital;Deferido
11022;ANA MARIA;DF;PP;Nenhuma;Deputado Distrital;Deferido
11133;PASTOR DANIEL DE CASTRO;DF;PP;Nenhuma;Deputado Distrital;Deferido
11000;PROFESSORA DAYANE MESQUITA;DF;PP;Nenhuma;Deputado Distrital;Deferido
27600;CARLÃO FILHO DA PÁTRIA;DF;DC;Nenhuma;Deputado Distrital;Deferido
27321;SGT VALDINETE;DF;DC;Nenhuma;Deputado Distrital;Deferido
27222;MARIA BRAZILINO;DF;DC;Nenhuma;Deputado Distrital;Deferido
27100;JOSIVALDO;DF;DC;Nenhuma;Deputado Distrital;Deferido
27777;IRACILDA;DF;DC;Nenhuma;Deputado Distrital;Deferido
28180;NÍVIA CRUZ;DF;PRTB;Nenhuma;Deputado Distrital;Deferido
30333;LGM;DF;NOVO;Nenhuma;Deputado Distrital;Deferido
270;AMARAL;DF;DC;Nenhuma;1º Suplente;Deferido
123;FABÍOLA CONSTTÂNCIO;DF;PDT;Nenhuma;2º Suplente;Deferido
21;JAMIL MAGARI;DF;PCB;Nenhuma;Vice-Governador;Deferido
100;MANOEL ARRUDA;DF;REPUBLICANOS;Nenhuma;1º Suplente;Indeferido
45;IZALCI;DF;PSDB;Federação PSDB Cidadania;Governador;Deferido
12;LEILA DO VÔLEI;DF;PDT;Nenhuma;Governador;Deferido
35615;ROMMEINE ANDRADE;DF;PMB;Nenhuma;Deputado Distrital;Indeferido
51444;BENÍCIO;DF;PATRIOTA;Nenhuma;Deputado Distrital;Indeferido
77333;RUBY DA SAÚDE;DF;SOLIDARIEDADE;Nenhuma;Deputado Distrital;Indeferido
13190;PATRÍCIO;DF;PT;Federação Brasil da Esperança - FE BRASIL;Deputado Distrital;Indeferido
777;ROSLANO;DF;SOLIDARIEDADE;Nenhuma;1º Suplente;Indeferido
456;FLÁVIO DONIN;DF;PSDB;Federação PSDB Cidadania;2º Suplente;Indeferido
3633;CEZAR PINTO;DF;AGIR;Nenhuma;Deputado Federal;Indeferido
40405;JESUS VALENTINI PESSOA HUMANA;DF;PSB;Nenhuma;Deputado Distrital;Indeferido
50500;RUBENS BIAS;DF;PSOL;Federação PSOL REDE;Deputado Distrital;Indeferido
270;TENENTE CORONEL SOUZA JÚNIOR;DF;DC;Nenhuma;Senador;Deferido
3030;RITA MASCARENHAS;DF;NOVO;Nenhuma;Deputado Federal;Deferido
2238;CAPITÃO DAVI;DF;PL;Nenhuma;Deputado Federal;Deferido
2829;DILMAR CARVALHO;DF;PRTB;Nenhuma;Deputado Federal;Deferido
4000;PAULA BENETT;DF;PSB;Nenhuma;Deputado Federal;Deferido
1525;PROFESSOR FÁBIO;DF;MDB;Nenhuma;Deputado Federal;Deferido
5013;RAPHAEL SEBBA;DF;PSOL;Federação PSOL REDE;Deputado Federal;Deferido
5010;ROSELI FARIA;DF;PSOL;Federação PSOL REDE;Deputado Federal;Deferido
3333;ADERIVALDO CARDOSO;DF;PMN;Nenhuma;Deputado Federal;Deferido
1600;EVERTON;DF;PSTU;Nenhuma;Deputado Federal;Deferido
2300;MARCILENE LIMA;DF;CIDADANIA;Federação PSDB Cidadania;Deputado Federal;Deferido
4401;RENILSON ROMA;DF;UNIÃO;Nenhuma;Deputado Federal;Deferido
2919;URIEL;DF;PCO;Nenhuma;Deputado Federal;Deferido
9090;AMAURI PINHO;DF;PROS;Nenhuma;Deputado Federal;Deferido
9010;DRA. MAJU MONTEIRO;DF;PROS;Nenhuma;Deputado Federal;Deferido
5511;ADRIANA MANGABEIRA;DF;PSD;Nenhuma;Deputado Federal;Deferido
2707;BISPA MAÉCE;DF;DC;Nenhuma;Deputado Federal;Deferido
2019;LUCIANO BAGLOGUI;DF;PSC;Nenhuma;Deputado Federal;Deferido
1454;PAUL KARSTEN  O DR DAS ARMAS;DF;PTB;Nenhuma;Deputado Federal;Deferido
7022;JAPONÊS É FEDERAL;DF;AVANTE;Nenhuma;Deputado Federal;Deferido
1221;CARLOS PENNA;DF;PDT;Nenhuma;Deputado Federal;Deferido
1212;BETO CEARÁ;DF;PDT;Nenhuma;Deputado Federal;Deferido
33555;EUGENIO PIEDADE;DF;PMN;Nenhuma;Deputado Distrital;Deferido
33333;DELEGADO PABLO AGUIAR;DF;PMN;Nenhuma;Deputado Distrital;Deferido
33051;JONATHAN ARAÚJO;DF;PMN;Nenhuma;Deputado Distrital;Deferido
12290;DANDAN;DF;PDT;Nenhuma;Deputado Distrital;Deferido
90013;GUERREIRO FRANCISCO;DF;PROS;Nenhuma;Deputado Distrital;Deferido
90007;SARGENTO MOACIR;DF;PROS;Nenhuma;Deputado Distrital;Deferido
90090;SERGIO LEITE;DF;PROS;Nenhuma;Deputado Distrital;Deferido
90500;KARINY ALVES;DF;PROS;Nenhuma;Deputado Distrital;Deferido
90999;ANGELA TEIXEIRA;DF;PROS;Nenhuma;Deputado Distrital;Deferido
90156;DAVIZINHO DO SOL NASCENTE;DF;PROS;Nenhuma;Deputado Distrital;Deferido
90022;DONNY SILVA;DF;PROS;Nenhuma;Deputado Distrital;Deferido
90000;SILVESTRE;DF;PROS;Nenhuma;Deputado Distrital;Deferido
90333;ROBERTA OLIVEIRA;DF;PROS;Nenhuma;Deputado Distrital;Deferido
35888;LUCY SILVA;DF;PMB;Nenhuma;Deputado Distrital;Deferido
44123;ALEX CARREIRO;DF;UNIÃO;Nenhuma;Deputado Distrital;Deferido
44321;NELSON NETO;DF;UNIÃO;Nenhuma;Deputado Distrital;Deferido
51111;PÁDUA;DF;PATRIOTA;Nenhuma;Deputado Distrital;Deferido
51190;PROF FABIO SILVA ABENÇOADO;DF;PATRIOTA;Nenhuma;Deputado Distrital;Deferido
45100;SÉRGIO IZALCI;DF;PSDB;Federação PSDB Cidadania;Deputado Distrital;Deferido
45101;PROFESSORA LUCIMAR CORDEIRO;DF;PSDB;Federação PSDB Cidadania;Deputado Distrital;Deferido
23245;MILENE NASCIMENTO;DF;CIDADANIA;Federação PSDB Cidadania;Deputado Distrital;Deferido
23321;PROFESSORA JACIRA;DF;CIDADANIA;Federação PSDB Cidadania;Deputado Distrital;Deferido
22001;FLORIANO AGORA;DF;PL;Nenhuma;Deputado Distrital;Deferido
22061;LÉO ÍNDIO BOLSONARO;DF;PL;Nenhuma;Deputado Distrital;Deferido
22321;MISSIONÁRIA CELINA;DF;PL;Nenhuma;Deputado Distrital;Deferido
10099;ELIANE CASTRO;DF;REPUBLICANOS;Nenhuma;Deputado Distrital;Deferido
10007;CLAUDINHA DA SAÚDE;DF;REPUBLICANOS;Nenhuma;Deputado Distrital;Deferido
22200;SARDINHA;DF;PL;Nenhuma;Deputado Distrital;Deferido
40123;MARLON COSTA;DF;PSB;Nenhuma;Deputado Distrital;Deferido
40444;ESTÊVÃO ROLIM;DF;PSB;Nenhuma;Deputado Distrital;Deferido
40040;THAYNARA;DF;PSB;Nenhuma;Deputado Distrital;Deferido
40800;GUILHERME CARVALHO;DF;PSB;Nenhuma;Deputado Distrital;Deferido
40707;BRUNO GURGEL;DF;PSB;Nenhuma;Deputado Distrital;Deferido
20789;WASHINGTON BAPTISTA;DF;PSC;Nenhuma;Deputado Distrital;Deferido
20191;MAURICIO PARDAL;DF;PSC;Nenhuma;Deputado Distrital;Deferido
20026;IZADORA COIMBRA;DF;PSC;Nenhuma;Deputado Distrital;Deferido
20322;ELIS MONTEIRO;DF;PSC;Nenhuma;Deputado Distrital;Deferido
20222;MÁRCIA MAIA;DF;PSC;Nenhuma;Deputado Distrital;Deferido
36001;SAMARA BRITO;DF;AGIR;Nenhuma;Deputado Distrital;Deferido
36193;KLESLEY PRÓ SOCIAL;DF;AGIR;Nenhuma;Deputado Distrital;Deferido
14322;CIDA BOTELHO;DF;PTB;Nenhuma;Deputado Distrital;Deferido
55222;ADRIANO MARROCOS;DF;PSD;Nenhuma;Deputado Distrital;Deferido
55555;RILDO DO WI FI;DF;PSD;Nenhuma;Deputado Distrital;Deferido
55444;OSVALDÃO DO POVO;DF;PSD;Nenhuma;Deputado Distrital;Deferido
55666;JOAO LEAL;DF;PSD;Nenhuma;Deputado Distrital;Deferido
15069;LÉLIO SAUNDERS;DF;MDB;Nenhuma;Deputado Distrital;Deferido
15070;DIRSOMAR;DF;MDB;Nenhuma;Deputado Distrital;Deferido
15007;LUDMILA;DF;MDB;Nenhuma;Deputado Distrital;Deferido
15030;GIAN CHELOTTI;DF;MDB;Nenhuma;Deputado Distrital;Deferido
77345;TIA MARIA;DF;SOLIDARIEDADE;Nenhuma;Deputado Distrital;Deferido
50300;ITAMAR OLIVEIRA;DF;PSOL;Federação PSOL REDE;Deputado Distrital;Deferido
19022;FREDSON MARQUES;DF;PODE;Nenhuma;Deputado Distrital;Deferido
19000;PEDRO VAZ;DF;PODE;Nenhuma;Deputado Distrital;Deferido
19061;EUGÊNIO DE LOURDES;DF;PODE;Nenhuma;Deputado Distrital;Deferido
19783;JOSIVAN FERREIRA;DF;PODE;Nenhuma;Deputado Distrital;Deferido
19156;SILVÂNIA LEAL;DF;PODE;Nenhuma;Deputado Distrital;Deferido
11222;MILENA CÂMARA;DF;PP;Nenhuma;Deputado Distrital;Deferido
13222;JOÃO DÃO RODOVIÁRIO;DF;PT;Federação Brasil da Esperança - FE BRASIL;Deputado Distrital;Deferido
43000;PROF. MICHELLE SALES;DF;PV;Federação Brasil da Esperança - FE BRASIL;Deputado Distrital;Deferido
13023;TUQUINHA BESSA;DF;PT;Federação Brasil da Esperança - FE BRASIL;Deputado Distrital;Deferido
27227;CRISTIANE DE PAULA;DF;DC;Nenhuma;Deputado Distrital;Deferido
28008;RICARDO FONSECA;DF;PRTB;Nenhuma;Deputado Distrital;Deferido
28217;FATIMA CAVALCANTE;DF;PRTB;Nenhuma;Deputado Distrital;Deferido
28028;FÁBIO GOMES;DF;PRTB;Nenhuma;Deputado Distrital;Deferido
28190;SARGENTO VIANA;DF;PRTB;Nenhuma;Deputado Distrital;Deferido
30030;JAJA;DF;NOVO;Nenhuma;Deputado Distrital;Deferido
161;RENATO;DF;PSTU;Nenhuma;1º Suplente;Deferido
123;GEORGES MICHEL;DF;PDT;Nenhuma;1º Suplente;Deferido
555;JOÃO CÂNDIDO;DF;PODE;Nenhuma;2º Suplente;Deferido
27;PASTORA SUELENE;DF;DC;Nenhuma;Vice-Governador;Deferido
15;CELINA LEÃO;DF;PP;Nenhuma;Vice-Governador;Deferido
21;TEODORO DA CRUZ TÉO;DF;PCB;Nenhuma;Governador;Deferido
29;RENAN ARRUDA;DF;PCO;Nenhuma;Governador;Indeferido
1310;AGNELO QUEIROZ;DF;PT;Federação Brasil da Esperança - FE BRASIL;Deputado Federal;Indeferido
7040;AMANDA CHRISTINA;DF;AVANTE;Nenhuma;Deputado Federal;Indeferido
77999;ABIAS SILVA;DF;SOLIDARIEDADE;Nenhuma;Deputado Distrital;Indeferido
77234;SAMUEL GAÚCHO;DF;SOLIDARIEDADE;Nenhuma;Deputado Distrital;Indeferido
40;PARENTE;DF;PSB;Nenhuma;Governador;Indeferido
45190;CORONEL NUNES;DF;PSDB;Federação PSDB Cidadania;Deputado Distrital;Indeferido
456;LOURDINHA WERNECK;DF;PSDB;Federação PSDB Cidadania;1º Suplente;Indeferido
456;LOURDINHA WERNECK;DF;PSDB;Federação PSDB Cidadania;2º Suplente;Indeferido
1177;JOSÉ GOMES;DF;PP;Nenhuma;Deputado Federal;Deferido
3020;VALTER SABOIA;DF;NOVO;Nenhuma;Deputado Federal;Deferido
2820;DOUTORA GRAÇAS;DF;PRTB;Nenhuma;Deputado Federal;Deferido
4040;RODRIGO ROLLEMBERG;DF;PSB;Nenhuma;Deputado Federal;Deferido
1551;ALÍRIO;DF;MDB;Nenhuma;Deputado Federal;Deferido
1590;CORONEL VASCONCELOS;DF;MDB;Nenhuma;Deputado Federal;Deferido
1818;ALDEMARIO;DF;REDE;Federação PSOL REDE;Deputado Federal;Deferido
4343;PROFESSOR REGINALDO VERAS;DF;PV;Federação Brasil da Esperança - FE BRASIL;Deputado Federal;Deferido
1324;VANESSA É O BICHO;DF;PT;Federação Brasil da Esperança - FE BRASIL;Deputado Federal;Deferido
1361;RUTH VENCEREMOS;DF;PT;Federação Brasil da Esperança - FE BRASIL;Deputado Federal;Deferido
1313;POLICARPO;DF;PT;Federação Brasil da Esperança - FE BRASIL;Deputado Federal;Deferido
3326;PROFESSOR NIVALDO;DF;PMN;Nenhuma;Deputado Federal;Deferido
4555;LEANDRO NARDY;DF;PSDB;Federação PSDB Cidadania;Deputado Federal;Deferido
7733;FERNANDO SOUZA;DF;SOLIDARIEDADE;Nenhuma;Deputado Federal;Deferido
7770;NERY JUNIOR;DF;SOLIDARIEDADE;Nenhuma;Deputado Federal;Deferido
7710;RODRIGUINHO;DF;SOLIDARIEDADE;Nenhuma;Deputado Federal;Deferido
4445;DELEGADO SÉRGIO BAUTZER;DF;UNIÃO;Nenhuma;Deputado Federal;Deferido
1077;ADILA MARIA;DF;REPUBLICANOS;Nenhuma;Deputado Federal;Deferido
1022;ELISA ROBSON;DF;REPUBLICANOS;Nenhuma;Deputado Federal;Deferido
1033;COMANDANTE ABOUD;DF;REPUBLICANOS;Nenhuma;Deputado Federal;Deferido
5123;ENOCK ESTEVES;DF;PATRIOTA;Nenhuma;Deputado Federal;Deferido
9023;BETHANIA KELLY;DF;PROS;Nenhuma;Deputado Federal;Deferido
9061;FERNANDO FÉ;DF;PROS;Nenhuma;Deputado Federal;Deferido
2722;GONZAGA DA SAÚDE;DF;DC;Nenhuma;Deputado Federal;Deferido
2022;ANA PAULA BATISTA ;DF;PSC;Nenhuma;Deputado Federal;Deferido
7011;ELIED DA CABS;DF;AVANTE;Nenhuma;Deputado Federal;Deferido
1207;TÂNIA COÊLHO;DF;PDT;Nenhuma;Deputado Federal;Deferido
3677;SELMA DA CRIANÇA;DF;AGIR;Nenhuma;Deputado Federal;Deferido
33456;RENATA D AGUIAR;DF;PMN;Nenhuma;Deputado Distrital;Deferido
33010;CLEBINHO ESPORTE DA DEZ;DF;PMN;Nenhuma;Deputado Distrital;Deferido
33061;KLÁICYLA GRACE - KLAY;DF;PMN;Nenhuma;Deputado Distrital;Deferido
33211;MÔNICA D  AIDÊ;DF;PMN;Nenhuma;Deputado Distrital;Deferido
12180;MAYK MONTALVÃO;DF;PDT;Nenhuma;Deputado Distrital;Deferido
12121;CLEO SAÚDE;DF;PDT;Nenhuma;Deputado Distrital;Deferido
12444;NETO CADEIRANTE;DF;PDT;Nenhuma;Deputado Distrital;Deferido
29329;DAVID PUREZA;DF;PCO;Nenhuma;Deputado Distrital;Deferido
29129;CECÍLIA DOURADO;DF;PCO;Nenhuma;Deputado Distrital;Deferido
90180;FRAN MENDONÇA;DF;PROS;Nenhuma;Deputado Distrital;Deferido
35135;LUCIANO DA MANUTENÇÃO;DF;PMB;Nenhuma;Deputado Distrital;Deferido
35222;MICHELINE REIS;DF;PMB;Nenhuma;Deputado Distrital;Deferido
44567;REBECA GUSMÃO;DF;UNIÃO;Nenhuma;Deputado Distrital;Deferido
44002;MÁRCIA GAMA;DF;UNIÃO;Nenhuma;Deputado Distrital;Deferido
51456;LEANDRO HUNGRIA;DF;PATRIOTA;Nenhuma;Deputado Distrital;Deferido
51762;ARY COUTINHO;DF;PATRIOTA;Nenhuma;Deputado Distrital;Deferido
23000;LÉO MATOS;DF;CIDADANIA;Federação PSDB Cidadania;Deputado Distrital;Deferido
23223;DATANIEL;DF;CIDADANIA;Federação PSDB Cidadania;Deputado Distrital;Deferido
45678;PROFESSOR NILSON;DF;PSDB;Federação PSDB Cidadania;Deputado Distrital;Deferido
45123;AGENILDO NERI;DF;PSDB;Federação PSDB Cidadania;Deputado Distrital;Deferido
45456;ROGÉRIO EDUARDO;DF;PSDB;Federação PSDB Cidadania;Deputado Distrital;Deferido
23023;EUGENIO MAGALHÃES;DF;CIDADANIA;Federação PSDB Cidadania;Deputado Distrital;Deferido
23888;BENEDITO DA VOZINHA;DF;CIDADANIA;Federação PSDB Cidadania;Deputado Distrital;Deferido
70789;GILVAN MACHO;DF;AVANTE;Nenhuma;Deputado Distrital;Deferido
70800;SUED MOBILIDADE;DF;AVANTE;Nenhuma;Deputado Distrital;Deferido
10022;KELLY BOLSONARO;DF;REPUBLICANOS;Nenhuma;Deputado Distrital;Deferido
10122;PR ANDRE MAURO;DF;REPUBLICANOS;Nenhuma;Deputado Distrital;Deferido
10200;CARLOS CALHEIROS;DF;REPUBLICANOS;Nenhuma;Deputado Distrital;Deferido
40007;DARLEY AZULIM;DF;PSB;Nenhuma;Deputado Distrital;Deferido
40700;PERITO FABIO;DF;PSB;Nenhuma;Deputado Distrital;Deferido
40022;LUCAS LUZ;DF;PSB;Nenhuma;Deputado Distrital;Deferido
40888;RAISSA ROSSITER;DF;PSB;Nenhuma;Deputado Distrital;Deferido
20123;SARGENTO ELIOMAR RODRIGUES ;DF;PSC;Nenhuma;Deputado Distrital;Deferido
20444;PROFESSOR JACKSON;DF;PSC;Nenhuma;Deputado Distrital;Deferido
20111;RITA MOTA;DF;PSC;Nenhuma;Deputado Distrital;Deferido
36777;DEDÉ RORIZ;DF;AGIR;Nenhuma;Deputado Distrital;Deferido
36123;ETIENO O AGENTE DA SAÚDE;DF;AGIR;Nenhuma;Deputado Distrital;Deferido
36456;PROF GUEDES;DF;AGIR;Nenhuma;Deputado Distrital;Deferido
36333;WASHINGTON LUIZ LÍDER COMUNITÁ;DF;AGIR;Nenhuma;Deputado Distrital;Deferido
36900;JAQUELINE SILVA;DF;AGIR;Nenhuma;Deputado Distrital;Deferido
36222;VÂNIA GURGEL;DF;AGIR;Nenhuma;Deputado Distrital;Deferido
36591;CÉSAR RAMOS;DF;AGIR;Nenhuma;Deputado Distrital;Deferido
55175;CARMEM SANTANA;DF;PSD;Nenhuma;Deputado Distrital;Deferido
55456;LIPPE VIANA;DF;PSD;Nenhuma;Deputado Distrital;Deferido
55500;ARILSON DE OLIVEIRA DA SAÚDE;DF;PSD;Nenhuma;Deputado Distrital;Deferido
15615;PROFESSOR JORDENES;DF;MDB;Nenhuma;Deputado Distrital;Deferido
15061;LÍVIA SARAIVA;DF;MDB;Nenhuma;Deputado Distrital;Deferido
15100;PROFESSOR DENILSON;DF;MDB;Nenhuma;Deputado Distrital;Deferido
77666;MARLY MEDEIROS;DF;SOLIDARIEDADE;Nenhuma;Deputado Distrital;Deferido
77123;CHICO LOPES;DF;SOLIDARIEDADE;Nenhuma;Deputado Distrital;Deferido
50333;AIRY CLO DE MULHERES INDÍGENAS;DF;PSOL;Federação PSOL REDE;Deputado Distrital;Deferido
19111;CLÁUDIA LAPA;DF;PODE;Nenhuma;Deputado Distrital;Deferido
19999;MÁRCIA MARTINS;DF;PODE;Nenhuma;Deputado Distrital;Deferido
19888;ÂNGELO LENZA (FPC);DF;PODE;Nenhuma;Deputado Distrital;Deferido
19333;CLAUDÃO DO GAMÃO;DF;PODE;Nenhuma;Deputado Distrital;Deferido
11011;PEPA;DF;PP;Nenhuma;Deputado Distrital;Deferido
11220;PASTOR ROLIM;DF;PP;Nenhuma;Deputado Distrital;Deferido
13180;COLETIVA SOMOS HELLEN FRIDA;DF;PT;Federação Brasil da Esperança - FE BRASIL;Deputado Distrital;Deferido
13456;LIMA;DF;PT;Federação Brasil da Esperança - FE BRASIL;Deputado Distrital;Deferido
13000;PROF LÊDA COLETIVE CHÃO;DF;PT;Federação Brasil da Esperança - FE BRASIL;Deputado Distrital;Deferido
13613;CRIS DO COLETIVAÇÃO;DF;PT;Federação Brasil da Esperança - FE BRASIL;Deputado Distrital;Deferido
13321;FATIMA ROLA;DF;PT;Federação Brasil da Esperança - FE BRASIL;Deputado Distrital;Deferido
27111;SOLANGE HOLANDA;DF;DC;Nenhuma;Deputado Distrital;Deferido
27234;CEZAR MARIANO;DF;DC;Nenhuma;Deputado Distrital;Deferido
28111;DOUTOR SAULO;DF;PRTB;Nenhuma;Deputado Distrital;Deferido
28100;PASTORA ROSA RÊGO;DF;PRTB;Nenhuma;Deputado Distrital;Deferido
28888;ROBSON PALMA;DF;PRTB;Nenhuma;Deputado Distrital;Deferido
28123;SANDRA DO AGRO;DF;PRTB;Nenhuma;Deputado Distrital;Deferido
30100;JOÃO D ARC ;DF;NOVO;Nenhuma;Deputado Distrital;Deferido
30303;LUIZ RAMOS ;DF;NOVO;Nenhuma;Deputado Distrital;Deferido
16016;FRANCISCO TARGINO;DF;PSTU;Nenhuma;Deputado Distrital;Deferido
133;MARIANA ROSA;DF;PT;Federação Brasil da Esperança - FE BRASIL;1º Suplente;Deferido
270;VIRGILIO;DF;DC;Nenhuma;2º Suplente;Deferido
100;PASTOR EGMAR;DF;REPUBLICANOS;Nenhuma;2º Suplente;Deferido
27;LUCAS SALLES;DF;DC;Nenhuma;Governador;Deferido
777;HÉLIO JOSÉ;DF;SOLIDARIEDADE;Nenhuma;Senador;Indeferido
7722;HELIO CRUZ;DF;SOLIDARIEDADE;Nenhuma;Deputado Federal;Indeferido
51001;GIZELE CARVALHO;DF;PATRIOTA;Nenhuma;Deputado Distrital;Indeferido
14051;JOAO PESCOCINHO;DF;PTB;Nenhuma;Deputado Distrital;Indeferido
1555;ZÉLIO MAIA;DF;MDB;Nenhuma;Deputado Federal;Indeferido
5152;DR MARCELO ARTIAGA;DF;PATRIOTA;Nenhuma;Deputado Federal;Indeferido
9000;RIVÂNIA DA AIDÊ;DF;PROS;Nenhuma;Deputado Federal;Indeferido
90001;IRCLEY OLIVEIRA;DF;PROS;Nenhuma;Deputado Distrital;Indeferido
45555;KARLA VINHAS;DF;PSDB;Federação PSDB Cidadania;Deputado Distrital;Indeferido
23789;DAIANE DOS SANTOS;DF;CIDADANIA;Federação PSDB Cidadania;Deputado Distrital;Indeferido
22190;ANGÉLICA KATE MARRONE;DF;PL;Nenhuma;Deputado Distrital;Indeferido
142;MARCELO HIPÓLITO;DF;PTB;Nenhuma;Senador;Deferido
100;DAMARES ALVES;DF;REPUBLICANOS;Nenhuma;Senador;Deferido
1161;CARINA SALES;DF;PP;Nenhuma;Deputado Federal;Deferido
1111;RONEY NEMER;DF;PP;Nenhuma;Deputado Federal;Deferido
3066;JORGE RUIZ;DF;NOVO;Nenhuma;Deputado Federal;Deferido
4077;PROFESSOR ISRAEL;DF;PSB;Nenhuma;Deputado Federal;Deferido
1567;CAROL MOURÃO DOS ANIMAIS;DF;MDB;Nenhuma;Deputado Federal;Deferido
5088;MADU MULHERES DE TODAS LUTAS;DF;PSOL;Federação PSOL REDE;Deputado Federal;Deferido
1331;ERIKA KOKAY;DF;PT;Federação Brasil da Esperança - FE BRASIL;Deputado Federal;Deferido
3345;MARIA ROSA MARINO;DF;PMN;Nenhuma;Deputado Federal;Deferido
3377;ANA CHACEL;DF;PMN;Nenhuma;Deputado Federal;Deferido
3300;D SOUSA;DF;PMN;Nenhuma;Deputado Federal;Deferido
2311;LEANDRO LIRA;DF;CIDADANIA;Federação PSDB Cidadania;Deputado Federal;Deferido
7777;RODOLPHO HOTH HOTH;DF;SOLIDARIEDADE;Nenhuma;Deputado Federal;Deferido
1920;GENERAL PAULO CHAGAS;DF;PODE;Nenhuma;Deputado Federal;Deferido
5107;DANIELA CINTRA;DF;PATRIOTA;Nenhuma;Deputado Federal;Deferido
5118;ÍNDIA PATIRA;DF;PATRIOTA;Nenhuma;Deputado Federal;Deferido
5555;ANDRÉ KUBITSCHEK;DF;PSD;Nenhuma;Deputado Federal;Deferido
2777;IVONE LOPES;DF;DC;Nenhuma;Deputado Federal;Deferido
2717;SEBAH SANTANA;DF;DC;Nenhuma;Deputado Federal;Deferido
2799;MAJOR SOUZA;DF;DC;Nenhuma;Deputado Federal;Deferido
2099;SARGENTO PAULO ROBERTO;DF;PSC;Nenhuma;Deputado Federal;Deferido
1441;IRACEMA DURÃO;DF;PTB;Nenhuma;Deputado Federal;Deferido
7033;GISELLE RHAYLLA ESTRUTURAL;DF;AVANTE;Nenhuma;Deputado Federal;Deferido
1277;MAX PANTOJA;DF;PDT;Nenhuma;Deputado Federal;Deferido
3636;TENENTE FELIZARDO;DF;AGIR;Nenhuma;Deputado Federal;Deferido
33156;SIMONE MAGALHÃES;DF;PMN;Nenhuma;Deputado Distrital;Deferido
12120;BARBY;DF;PDT;Nenhuma;Deputado Distrital;Deferido
12012;CRISTIANO LUZ;DF;PDT;Nenhuma;Deputado Distrital;Deferido
12333;DIEGO TELES;DF;PDT;Nenhuma;Deputado Distrital;Deferido
90444;HELENA CANTANHEDE;DF;PROS;Nenhuma;Deputado Distrital;Deferido
90222;BERINALDO PONTES;DF;PROS;Nenhuma;Deputado Distrital;Deferido
90391;PASTOR OMAR;DF;PROS;Nenhuma;Deputado Distrital;Deferido
90901;ISMAR CARVALHO;DF;PROS;Nenhuma;Deputado Distrital;Deferido
35333;VANDA LAGO;DF;PMB;Nenhuma;Deputado Distrital;Deferido
35121;CHRISTIANA INOCÊNCIO;DF;PMB;Nenhuma;Deputado Distrital;Deferido
35180;JAIRO FELIX;DF;PMB;Nenhuma;Deputado Distrital;Deferido
35055;IRIS DO CÉU;DF;PMB;Nenhuma;Deputado Distrital;Deferido
35007;ZAINER DA MOTA;DF;PMB;Nenhuma;Deputado Distrital;Deferido
44144;HAMILTON TATU;DF;UNIÃO;Nenhuma;Deputado Distrital;Deferido
44244;OLAIR FRANCISCO;DF;UNIÃO;Nenhuma;Deputado Distrital;Deferido
44333;PROFESSOR PACCO;DF;UNIÃO;Nenhuma;Deputado Distrital;Deferido
44444;PEDRO IVO;DF;UNIÃO;Nenhuma;Deputado Distrital;Deferido
44111;VANUSA LOPES;DF;UNIÃO;Nenhuma;Deputado Distrital;Deferido
44566;MARIA ABADIA;DF;UNIÃO;Nenhuma;Deputado Distrital;Deferido
51533;ALCIONE FERNANDES;DF;PATRIOTA;Nenhuma;Deputado Distrital;Deferido
51000;MEU NUTRI;DF;PATRIOTA;Nenhuma;Deputado Distrital;Deferido
51022;RENATO BATISTA;DF;PATRIOTA;Nenhuma;Deputado Distrital;Deferido
51512;COUBERT BRAZ;DF;PATRIOTA;Nenhuma;Deputado Distrital;Deferido
23123;CLAUDECI LUART;DF;CIDADANIA;Federação PSDB Cidadania;Deputado Distrital;Deferido
70123;WILSON AMIGÃO;DF;AVANTE;Nenhuma;Deputado Distrital;Deferido
70999;BISPO VIEIRA REIS;DF;AVANTE;Nenhuma;Deputado Distrital;Deferido
70269;MARIANA SIQUEIRA SURDA;DF;AVANTE;Nenhuma;Deputado Distrital;Deferido
10177;TOCCOLINI;DF;REPUBLICANOS;Nenhuma;Deputado Distrital;Deferido
10762;CORONEL REGINA;DF;REPUBLICANOS;Nenhuma;Deputado Distrital;Deferido
22193;ROOSEVELT VILELA;DF;PL;Nenhuma;Deputado Distrital;Deferido
22389;COMANDANTE GENILSON;DF;PL;Nenhuma;Deputado Distrital;Deferido
40015;PROFESSORA ANA ÉLEN;DF;PSB;Nenhuma;Deputado Distrital;Deferido
40100;SANTOS DO POVO;DF;PSB;Nenhuma;Deputado Distrital;Deferido
20500;ROGERIO BAN BAN;DF;PSC;Nenhuma;Deputado Distrital;Deferido
20017;HALAND GUILARDE;DF;PSC;Nenhuma;Deputado Distrital;Deferido
36000;GOUDIM;DF;AGIR;Nenhuma;Deputado Distrital;Deferido
36888;DRA SULA;DF;AGIR;Nenhuma;Deputado Distrital;Deferido
36200;RENAN JUNIOR;DF;AGIR;Nenhuma;Deputado Distrital;Deferido
14100;ERICKA FILIPPELLI;DF;PTB;Nenhuma;Deputado Distrital;Deferido
14222;SIMONE PIMENTEL;DF;PTB;Nenhuma;Deputado Distrital;Deferido
14333;SGT SUERLANDIO  O SR DAS ARMAS;DF;PTB;Nenhuma;Deputado Distrital;Deferido
14777;CATARINA LIMA;DF;PTB;Nenhuma;Deputado Distrital;Deferido
14321;NAYARA SOARES;DF;PTB;Nenhuma;Deputado Distrital;Deferido
55011;PRISCILLA MARTINS;DF;PSD;Nenhuma;Deputado Distrital;Deferido
55111;NARCISIO DOURADO;DF;PSD;Nenhuma;Deputado Distrital;Deferido
15555;VANESSA MENDONÇA;DF;MDB;Nenhuma;Deputado Distrital;Deferido
15678;WASHINGTON MESQUITA;DF;MDB;Nenhuma;Deputado Distrital;Deferido
15123;WELLINGTON LUIZ ;DF;MDB;Nenhuma;Deputado Distrital;Deferido
15111;RISOMAR;DF;MDB;Nenhuma;Deputado Distrital;Deferido
77193;WAGNER GONÇALVES - JACA;DF;SOLIDARIEDADE;Nenhuma;Deputado Distrital;Deferido
77770;SÉRGIO DE OLIVEIRA SORP;DF;SOLIDARIEDADE;Nenhuma;Deputado Distrital;Deferido
77191;DEUSINHA DE OTÁVIA;DF;SOLIDARIEDADE;Nenhuma;Deputado Distrital;Deferido
77100;BLENDA LARA;DF;SOLIDARIEDADE;Nenhuma;Deputado Distrital;Deferido
18088;VANESSA DE SALLES E RAÍZES;DF;REDE;Federação PSOL REDE;Deputado Distrital;Deferido
18180;CALINA LÍGIA;DF;REDE;Federação PSOL REDE;Deputado Distrital;Deferido
50000;SUSANA XAVIER - DONAS;DF;PSOL;Federação PSOL REDE;Deputado Distrital;Deferido
50160;ÂNGELO BALBINO;DF;PSOL;Federação PSOL REDE;Deputado Distrital;Deferido
19777;RANNA CARLA;DF;PODE;Nenhuma;Deputado Distrital;Deferido
19100;TIO CLAYTINHO;DF;PODE;Nenhuma;Deputado Distrital;Deferido
19300;CLÁUDIA VIRGÍNIA;DF;PODE;Nenhuma;Deputado Distrital;Deferido
19700;ALEX GALVÃO;DF;PODE;Nenhuma;Deputado Distrital;Deferido
19197;PROFESSORA MICHELLE VALÉRIA;DF;PODE;Nenhuma;Deputado Distrital;Deferido
11120;CRISTINA BOLSONARO;DF;PP;Nenhuma;Deputado Distrital;Deferido
11444;IRIS;DF;PP;Nenhuma;Deputado Distrital;Deferido
11311;RICARDO GROSSI;DF;PP;Nenhuma;Deputado Distrital;Deferido
11111;MÔNIA ANDRADE;DF;PP;Nenhuma;Deputado Distrital;Deferido
43061;MARIANA ALMADA;DF;PV;Federação Brasil da Esperança - FE BRASIL;Deputado Distrital;Deferido
27278;PASTOR FÁBIO;DF;DC;Nenhuma;Deputado Distrital;Deferido
27999;HELTON MARQUES;DF;DC;Nenhuma;Deputado Distrital;Deferido
28281;REGINALDO JARBAS;DF;PRTB;Nenhuma;Deputado Distrital;Deferido
28800;NENA BRAZ;DF;PRTB;Nenhuma;Deputado Distrital;Deferido
28001;NILSON PIRES;DF;PRTB;Nenhuma;Deputado Distrital;Deferido
28022;JOAQUIM GOMES;DF;PRTB;Nenhuma;Deputado Distrital;Deferido
30230;DR. VITOR BITTENCOURT;DF;NOVO;Nenhuma;Deputado Distrital;Deferido
30001;DR. GETÚLIO;DF;NOVO;Nenhuma;Deputado Distrital;Deferido
30222;PEDRO PAULO DO NOVO;DF;NOVO;Nenhuma;Deputado Distrital;Deferido
222;PASTORE;DF;MDB;Nenhuma;1º Suplente;Deferido
222;PROFESSOR GODOFREDO;DF;PL;Nenhuma;2º Suplente;Deferido
43;OLGAMIR AMANCIA;DF;PC do B;Federação Brasil da Esperança - FE BRASIL;Vice-Governador;Deferido
9022;CHICO CRUVINEL;DF;PROS;Nenhuma;Deputado Federal;Indeferido
29;MAURO MOURA;DF;PCO;Nenhuma;Vice-Governador;Indeferido
9055;DONNY SILVA;DF;PROS;Nenhuma;Deputado Federal;Indeferido
9023;BETHANIA KELLY;DF;PROS;Nenhuma;Deputado Federal;Indeferido
70444;VITOR ANDRADE;DF;AVANTE;Nenhuma;Deputado Distrital;Indeferido
19200;ADÉLIA FREJAT;DF;PODE;Nenhuma;Deputado Distrital;Indeferido
456;PROFESSORA JÔ LIRA;DF;PSDB;Federação PSDB Cidadania;1º Suplente;Indeferido
142;REGINALDO PEREIRA;DF;PTB;Nenhuma;1º Suplente;Indeferido
555;WEBER MAGALHÃES;DF;PSD;Nenhuma;2º Suplente;Indeferido
2211;CHEF VINÍCIUS ROSSIGNOLI;DF;PL;Nenhuma;Deputado Federal;Deferido
2233;RAFAEL SAMPAIO ;DF;PL;Nenhuma;Deputado Federal;Deferido
4017;JAPÃO VIELA;DF;PSB;Nenhuma;Deputado Federal;Deferido
6565;ANA PRESTES;DF;PC do B;Federação Brasil da Esperança - FE BRASIL;Deputado Federal;Deferido
3310;SARGENTO MONICA VITORIA;DF;PMN;Nenhuma;Deputado Federal;Deferido
3313;PROFESSOR JOÃO;DF;PMN;Nenhuma;Deputado Federal;Deferido
2324;MARI VALENTIM;DF;CIDADANIA;Federação PSDB Cidadania;Deputado Federal;Deferido
2325;LIDIANE MORAES;DF;CIDADANIA;Federação PSDB Cidadania;Deputado Federal;Deferido
4500;KARLA VINHAS;DF;PSDB;Federação PSDB Cidadania;Deputado Federal;Deferido
7761;WILMA MENEZES;DF;SOLIDARIEDADE;Nenhuma;Deputado Federal;Deferido
8080;CAIO SAD;DF;UP;Nenhuma;Deputado Federal;Deferido
4440;MARIA COSTA;DF;UNIÃO;Nenhuma;Deputado Federal;Deferido
4411;FLÁVIO WERNECK;DF;UNIÃO;Nenhuma;Deputado Federal;Deferido
4422;FADI FARAJ;DF;UNIÃO;Nenhuma;Deputado Federal;Deferido
1979;PAULO LIMA;DF;PODE;Nenhuma;Deputado Federal;Deferido
1000;PROFESSOR PAULO FERNANDO;DF;REPUBLICANOS;Nenhuma;Deputado Federal;Deferido
2939;ANA SCHRAMM;DF;PCO;Nenhuma;Deputado Federal;Deferido
5125;DANIELLE CRISTHIE;DF;PATRIOTA;Nenhuma;Deputado Federal;Deferido
5561;VIRGILIO NETO;DF;PSD;Nenhuma;Deputado Federal;Deferido
5522;CORONEL CHARLES MAGALHÃES;DF;PSD;Nenhuma;Deputado Federal;Deferido
2077;SARGENTO NAZÁRIO;DF;PSC;Nenhuma;Deputado Federal;Deferido
1414;MARCOS MIRANDA;DF;PTB;Nenhuma;Deputado Federal;Deferido
1422;IVONE LUZARDO;DF;PTB;Nenhuma;Deputado Federal;Deferido
7026;LUIZ VINTE SEIS DE SETEMBRO;DF;AVANTE;Nenhuma;Deputado Federal;Deferido
33400;LULO SENA;DF;PMN;Nenhuma;Deputado Distrital;Deferido
33077;SARGENTO GUTENBERG;DF;PMN;Nenhuma;Deputado Distrital;Deferido
33193;ALAN VALIM;DF;PMN;Nenhuma;Deputado Distrital;Deferido
12116;ZULMIRA INÊS;DF;PDT;Nenhuma;Deputado Distrital;Deferido
12666;SAMUEL DO ALUGUEL;DF;PDT;Nenhuma;Deputado Distrital;Deferido
12111;FRANCISCA CÔRTE;DF;PDT;Nenhuma;Deputado Distrital;Deferido
12300;ZAQUEU BRAGA;DF;PDT;Nenhuma;Deputado Distrital;Deferido
29229;NEUDER BASTOS;DF;PCO;Nenhuma;Deputado Distrital;Deferido
90762;CLARA DE ÁGUAS CLARAS;DF;PROS;Nenhuma;Deputado Distrital;Deferido
90777;VIVIAN NOGUEIRA;DF;PROS;Nenhuma;Deputado Distrital;Deferido
90555;LUCIANO VIGILANTE;DF;PROS;Nenhuma;Deputado Distrital;Deferido
35100;KYARA ZARUTY;DF;PMB;Nenhuma;Deputado Distrital;Deferido
35444;SUBTENENTE ANTONIO;DF;PMB;Nenhuma;Deputado Distrital;Deferido
44007;JORGE TAVARES;DF;UNIÃO;Nenhuma;Deputado Distrital;Deferido
44555;JOÃO RENATO;DF;UNIÃO;Nenhuma;Deputado Distrital;Deferido
44777;ALLAN FREIRE;DF;UNIÃO;Nenhuma;Deputado Distrital;Deferido
44001;ALBENES DO ATLETISMO;DF;UNIÃO;Nenhuma;Deputado Distrital;Deferido
44188;PROFESSOR LACERDA;DF;UNIÃO;Nenhuma;Deputado Distrital;Deferido
44193;MARCELO BATISTA;DF;UNIÃO;Nenhuma;Deputado Distrital;Deferido
51010;SGT BRUNA;DF;PATRIOTA;Nenhuma;Deputado Distrital;Deferido
51234;ADRIANA FARIA;DF;PATRIOTA;Nenhuma;Deputado Distrital;Deferido
51999;LENNON;DF;PATRIOTA;Nenhuma;Deputado Distrital;Deferido
51025;DANY MARAVILHA;DF;PATRIOTA;Nenhuma;Deputado Distrital;Deferido
51151;DR EUFRASIO;DF;PATRIOTA;Nenhuma;Deputado Distrital;Deferido
23999;PASTOR IZAEL DAMÁZIO;DF;CIDADANIA;Federação PSDB Cidadania;Deputado Distrital;Deferido
23005;ROSINHA VIVEIROS;DF;CIDADANIA;Federação PSDB Cidadania;Deputado Distrital;Deferido
45026;MIGUEL DA 26;DF;PSDB;Federação PSDB Cidadania;Deputado Distrital;Deferido
23987;MARCOS SABÓIA;DF;CIDADANIA;Federação PSDB Cidadania;Deputado Distrital;Deferido
70070;PACO BRITTO;DF;AVANTE;Nenhuma;Deputado Distrital;Deferido
70321;WALTER MARCELO;DF;AVANTE;Nenhuma;Deputado Distrital;Deferido
70888;JOAO CARDOSO PROFESSOR AUDITOR;DF;AVANTE;Nenhuma;Deputado Distrital;Deferido
70400;JOAB SANTA LUZIA E ESTRUTURAL;DF;AVANTE;Nenhuma;Deputado Distrital;Deferido
10987;DÉBORA GLAMUROSA;DF;REPUBLICANOS;Nenhuma;Deputado Distrital;Deferido
10221;RACHEL HERINGER;DF;REPUBLICANOS;Nenhuma;Deputado Distrital;Deferido
10000;MARCELO TRATOR;DF;REPUBLICANOS;Nenhuma;Deputado Distrital;Deferido
22631;ELAINE OLIVEIRA;DF;PL;Nenhuma;Deputado Distrital;Deferido
10333;ALZIRA FOLHA;DF;REPUBLICANOS;Nenhuma;Deputado Distrital;Deferido
10001;PROF. LEONARDO MIRANDA;DF;REPUBLICANOS;Nenhuma;Deputado Distrital;Deferido
10193;CORONEL SOLANGE;DF;REPUBLICANOS;Nenhuma;Deputado Distrital;Deferido
10010;ROGÉRIO PADILHA;DF;REPUBLICANOS;Nenhuma;Deputado Distrital;Deferido
22373;INÊS ARMAND;DF;PL;Nenhuma;Deputado Distrital;Deferido
40400;RODRIGO DIAS;DF;PSB;Nenhuma;Deputado Distrital;Deferido
40061;MUCIO;DF;PSB;Nenhuma;Deputado Distrital;Deferido
20020;ADA SILVA;DF;PSC;Nenhuma;Deputado Distrital;Deferido
20100;ARNALDO FILHO;DF;PSC;Nenhuma;Deputado Distrital;Deferido
20888;CAPITÃO MEDEIROS;DF;PSC;Nenhuma;Deputado Distrital;Deferido
36136;ALEXANDRE YANEZ;DF;AGIR;Nenhuma;Deputado Distrital;Deferido
36800;OSÉIAS RIBEIRO;DF;AGIR;Nenhuma;Deputado Distrital;Deferido
36379;RAVAN LEÃO;DF;AGIR;Nenhuma;Deputado Distrital;Deferido
14144;EVA FERNANDES;DF;PTB;Nenhuma;Deputado Distrital;Deferido
14123;PAULO RORIZ;DF;PTB;Nenhuma;Deputado Distrital;Deferido
14999;KLERYSSON CERRADO IN FOCO;DF;PTB;Nenhuma;Deputado Distrital;Deferido
14563;ARAUJO FILHO;DF;PTB;Nenhuma;Deputado Distrital;Deferido
14193;SARGENTO PATROCINIO;DF;PTB;Nenhuma;Deputado Distrital;Deferido
14190;AILTON MIRANDA;DF;PTB;Nenhuma;Deputado Distrital;Deferido
14007;ILSON WALTER;DF;PTB;Nenhuma;Deputado Distrital;Deferido
55777;JAPA DA BIKE;DF;PSD;Nenhuma;Deputado Distrital;Deferido
55678;ESTEFANE O CABEÇA BRANCA;DF;PSD;Nenhuma;Deputado Distrital;Deferido
15133;GUSTAVO AIRES;DF;MDB;Nenhuma;Deputado Distrital;Deferido
15180;SUZI BITENCOURT;DF;MDB;Nenhuma;Deputado Distrital;Deferido
77190;TEN. DANIEL BRANDÃO;DF;SOLIDARIEDADE;Nenhuma;Deputado Distrital;Deferido
77713;CLAUDIA IDEANE;DF;SOLIDARIEDADE;Nenhuma;Deputado Distrital;Deferido
77677;ANGELINA JOLIE;DF;SOLIDARIEDADE;Nenhuma;Deputado Distrital;Deferido
77727;EDNA BORGES;DF;SOLIDARIEDADE;Nenhuma;Deputado Distrital;Deferido
77222;DR SAMI YASSINE;DF;SOLIDARIEDADE;Nenhuma;Deputado Distrital;Deferido
77089;TIO LUIZ;DF;SOLIDARIEDADE;Nenhuma;Deputado Distrital;Deferido
50044;TALITA VICTOR;DF;PSOL;Federação PSOL REDE;Deputado Distrital;Deferido
19220;YAGO RODRIGUES;DF;PODE;Nenhuma;Deputado Distrital;Deferido
11223;ANDREA VIEIRA;DF;PP;Nenhuma;Deputado Distrital;Deferido
11190;ESTEVÃO REIS;DF;PP;Nenhuma;Deputado Distrital;Deferido
11456;JUAREZ JUNIOR;DF;PP;Nenhuma;Deputado Distrital;Deferido
11124;LUIZA MARIA ;DF;PP;Nenhuma;Deputado Distrital;Deferido
11033;JULIO CEZAR;DF;PP;Nenhuma;Deputado Distrital;Deferido
13013;RICARDO VALE;DF;PT;Federação Brasil da Esperança - FE BRASIL;Deputado Distrital;Deferido
43333;SANDRA PALMEIRA;DF;PV;Federação Brasil da Esperança - FE BRASIL;Deputado Distrital;Deferido
43433;PROFESSOR MARCOS;DF;PV;Federação Brasil da Esperança - FE BRASIL;Deputado Distrital;Deferido
13123;PROFESSOR GARIBEL;DF;PT;Federação Brasil da Esperança - FE BRASIL;Deputado Distrital;Deferido
13100;CHICO VIGILANTE;DF;PT;Federação Brasil da Esperança - FE BRASIL;Deputado Distrital;Deferido
13061;THELMA MELLO;DF;PT;Federação Brasil da Esperança - FE BRASIL;Deputado Distrital;Deferido
13130;MEG GUIMARAES;DF;PT;Federação Brasil da Esperança - FE BRASIL;Deputado Distrital;Deferido
27123;JOÃO RODRIGUES;DF;DC;Nenhuma;Deputado Distrital;Deferido
28280;KARINE MOREIRA;DF;PRTB;Nenhuma;Deputado Distrital;Deferido
28917;DOUTOR GUSTAVO RAMIRO;DF;PRTB;Nenhuma;Deputado Distrital;Deferido
30987;CLEBINHO TEAM;DF;NOVO;Nenhuma;Deputado Distrital;Deferido
30300;DR. GIULIANNO ;DF;NOVO;Nenhuma;Deputado Distrital;Deferido
30830;PAULA TELES;DF;NOVO;Nenhuma;Deputado Distrital;Deferido
290;IVO BRITO;DF;PCO;Nenhuma;1º Suplente;Deferido
180;MANO LIMA;DF;PSOL;Federação PSOL REDE;2º Suplente;Deferido
133;SAULO DIAS;DF;PT;Federação Brasil da Esperança - FE BRASIL;2º Suplente;Deferido
15;IBANEIS ROCHA;DF;MDB;Nenhuma;Governador;Deferido
456;YARA PRADO;DF;PSDB;Federação PSDB Cidadania;Senador;Indeferido
2200;ARRUDA;DF;PL;Nenhuma;Deputado Federal;Indeferido
4444;RODRIGO TOTTI;DF;UNIÃO;Nenhuma;Deputado Federal;Indeferido
29029;PERCI MARRARA;DF;PCO;Nenhuma;Deputado Distrital;Indeferido
9077;MICHELY MUNDY ;DF;PROS;Nenhuma;Deputado Federal;Indeferido
12330;SAMUEL DE OLIVEIRA;DF;PDT;Nenhuma;Deputado Distrital;Indeferido
90022;HENRIQUE RESENDE;DF;PROS;Nenhuma;Deputado Distrital;Indeferido
36061;DJ JAMAIKA;DF;AGIR;Nenhuma;Deputado Distrital;Indeferido
11061;MUCIO EUSTAQUIO;DF;PP;Nenhuma;Deputado Distrital;Indeferido
161;ELCIMARA;DF;PSTU;Nenhuma;Senador;Deferido
290;EXPEDITO  MENDONÇA;DF;PCO;Nenhuma;Senador;Deferido
222;FLÁVIA ARRUDA;DF;PL;Nenhuma;Senador;Deferido
1110;SAMANTHA MEYER;DF;PP;Nenhuma;Deputado Federal;Deferido
1122;RONALDO FONSECA;DF;PP;Nenhuma;Deputado Federal;Deferido
3001;NEY FERREIRA;DF;NOVO;Nenhuma;Deputado Federal;Deferido
2228;MARCO AURÉLIO PIANTELLA;DF;PL;Nenhuma;Deputado Federal;Deferido
2225;FRAGA;DF;PL;Nenhuma;Deputado Federal;Deferido
2223;ANGÉLICA KATE MARRONE;DF;PL;Nenhuma;Deputado Federal;Deferido
2822;KOE KENDY;DF;PRTB;Nenhuma;Deputado Federal;Deferido
4022;MARCOS WESLEY;DF;PSB;Nenhuma;Deputado Federal;Deferido
4044;ESTEVÃO LOPES;DF;PSB;Nenhuma;Deputado Federal;Deferido
6599;FLAUZINO ANTUNES;DF;PC do B;Federação Brasil da Esperança - FE BRASIL;Deputado Federal;Deferido
3322;TÁCIO ROGÉRIO DOS ANIMAIS;DF;PMN;Nenhuma;Deputado Federal;Deferido
1921;ADALBERTO MONTEIRO;DF;PODE;Nenhuma;Deputado Federal;Deferido
1973;VAL RADIALISTA;DF;PODE;Nenhuma;Deputado Federal;Deferido
1010;JULIO CESAR;DF;REPUBLICANOS;Nenhuma;Deputado Federal;Deferido
2999;IERI BRAGA;DF;PCO;Nenhuma;Deputado Federal;Deferido
5566;PEDRO OLIVEIRA;DF;PSD;Nenhuma;Deputado Federal;Deferido
2727;OSCAR SILVA;DF;DC;Nenhuma;Deputado Federal;Deferido
1440;PASTORA NOEME;DF;PTB;Nenhuma;Deputado Federal;Deferido
1400;DIEGO ARRUDA;DF;PTB;Nenhuma;Deputado Federal;Deferido
7010;PAULINHO SÁ  CANTOR CATÓLICO;DF;AVANTE;Nenhuma;Deputado Federal;Deferido
1200;MARLENE DO POVÃO;DF;PDT;Nenhuma;Deputado Federal;Deferido
3600;RAFAEL LOBO;DF;AGIR;Nenhuma;Deputado Federal;Deferido
33001;FORLAND;DF;PMN;Nenhuma;Deputado Distrital;Deferido
12148;KIM;DF;PDT;Nenhuma;Deputado Distrital;Deferido
12000;JOVITA ROSA;DF;PDT;Nenhuma;Deputado Distrital;Deferido
12456;PROFESSOR JEAN MOURÃO;DF;PDT;Nenhuma;Deputado Distrital;Deferido
12020;LUCIA LUCIMAR;DF;PDT;Nenhuma;Deputado Distrital;Deferido
90145;ALESSIO AUTO RACK;DF;PROS;Nenhuma;Deputado Distrital;Deferido
90902;PROFESSOR AMILTON GOMES;DF;PROS;Nenhuma;Deputado Distrital;Deferido
35353;BRUNO NOVAIS;DF;PMB;Nenhuma;Deputado Distrital;Deferido
35123;WELBER DA LIZIRENE CELULAR;DF;PMB;Nenhuma;Deputado Distrital;Deferido
35140;ADRIANA GLÓRIA;DF;PMB;Nenhuma;Deputado Distrital;Deferido
35111;NILTON SANTOS RESSOCIALIZAÇÃO;DF;PMB;Nenhuma;Deputado Distrital;Deferido
44000;EDUARDO PEDROSA;DF;UNIÃO;Nenhuma;Deputado Distrital;Deferido
44190;SOUSA JÚNIOR;DF;UNIÃO;Nenhuma;Deputado Distrital;Deferido
51051;PROFESSORA MARIA ANTÔNIA;DF;PATRIOTA;Nenhuma;Deputado Distrital;Deferido
45777;DORA GOMES;DF;PSDB;Federação PSDB Cidadania;Deputado Distrital;Deferido
23111;MARIANA DE PAULA;DF;CIDADANIA;Federação PSDB Cidadania;Deputado Distrital;Deferido
70200;THAY EVANGELISTA;DF;AVANTE;Nenhuma;Deputado Distrital;Deferido
70122;EDUARDO MENDES REI DOS FARÓIS;DF;AVANTE;Nenhuma;Deputado Distrital;Deferido
70000;BIRA NOGUEIRA;DF;AVANTE;Nenhuma;Deputado Distrital;Deferido
70700;JUNIOR CAPÃO COMPRIDO;DF;AVANTE;Nenhuma;Deputado Distrital;Deferido
70777;EDIMAR PIRENEUS;DF;AVANTE;Nenhuma;Deputado Distrital;Deferido
10223;SARGENTO PAULO;DF;REPUBLICANOS;Nenhuma;Deputado Distrital;Deferido
10300;REINALDO ARAÚJO;DF;REPUBLICANOS;Nenhuma;Deputado Distrital;Deferido
10222;TODI MORENO;DF;REPUBLICANOS;Nenhuma;Deputado Distrital;Deferido
10555;PROF MITER;DF;REPUBLICANOS;Nenhuma;Deputado Distrital;Deferido
22021;FÁTIMA PASSOS;DF;PL;Nenhuma;Deputado Distrital;Deferido
22322;THIAGO MANZONI;DF;PL;Nenhuma;Deputado Distrital;Deferido
40004;ERIC SEBA;DF;PSB;Nenhuma;Deputado Distrital;Deferido
40033;GLAYCE HELENA;DF;PSB;Nenhuma;Deputado Distrital;Deferido
20777;MARIA DA ADIRPP;DF;PSC;Nenhuma;Deputado Distrital;Deferido
20190;SUBTENENTE GERALDO ALVES;DF;PSC;Nenhuma;Deputado Distrital;Deferido
36036;PROFESSOR ORLANDO JÚNIOR;DF;AGIR;Nenhuma;Deputado Distrital;Deferido
14023;KALANGO CORREDOR;DF;PTB;Nenhuma;Deputado Distrital;Deferido
14407;MARCOS PATRIOTA;DF;PTB;Nenhuma;Deputado Distrital;Deferido
55010;FERNANDO CHEREGATHY;DF;PSD;Nenhuma;Deputado Distrital;Deferido
55283;JUSSARA FAVIERO;DF;PSD;Nenhuma;Deputado Distrital;Deferido
55550;JAQUELINE BERNARDO;DF;PSD;Nenhuma;Deputado Distrital;Deferido
55055;ANDREIA SALLES;DF;PSD;Nenhuma;Deputado Distrital;Deferido
55000;ROBÉRIO NEGREIROS;DF;PSD;Nenhuma;Deputado Distrital;Deferido
15777;TELMA RUFINO;DF;MDB;Nenhuma;Deputado Distrital;Deferido
15015;CRISTIANO ARAÚJO;DF;MDB;Nenhuma;Deputado Distrital;Deferido
15215;CORONEL SANTANA;DF;MDB;Nenhuma;Deputado Distrital;Deferido
77555;MARCIO GUIMARÃES;DF;SOLIDARIEDADE;Nenhuma;Deputado Distrital;Deferido
77577;NETO TÔ CONTIGO;DF;SOLIDARIEDADE;Nenhuma;Deputado Distrital;Deferido
50013;DERSON MAIIA;DF;PSOL;Federação PSOL REDE;Deputado Distrital;Deferido
18777;DJ AFRIKA;DF;REDE;Federação PSOL REDE;Deputado Distrital;Deferido
50400;FLAVÃO CERRATENSE;DF;PSOL;Federação PSOL REDE;Deputado Distrital;Deferido
50005;RITA ANDRADE;DF;PSOL;Federação PSOL REDE;Deputado Distrital;Deferido
50999;MANDATA FEMINISTA BEM VIVER BE;DF;PSOL;Federação PSOL REDE;Deputado Distrital;Deferido
50123;FÁBIO FELIX;DF;PSOL;Federação PSOL REDE;Deputado Distrital;Deferido
19456;PROFESSOR RICARDO DANTAS;DF;PODE;Nenhuma;Deputado Distrital;Deferido
19001;PETRUS SANCHEZ;DF;PODE;Nenhuma;Deputado Distrital;Deferido
11234;VALDELINO BARCELOS;DF;PP;Nenhuma;Deputado Distrital;Deferido
11001;GISELE MONTENEGRO;DF;PP;Nenhuma;Deputado Distrital;Deferido
65123;COLETIVO COMUNS E PROF. ELIAS ;DF;PC do B;Federação Brasil da Esperança - FE BRASIL;Deputado Distrital;Deferido
13007;FABIANO TROMPETISTA;DF;PT;Federação Brasil da Esperança - FE BRASIL;Deputado Distrital;Deferido
27190;SGT GUIMARÃES;DF;DC;Nenhuma;Deputado Distrital;Deferido
28777;AMILTON SILVA;DF;PRTB;Nenhuma;Deputado Distrital;Deferido
30123;VALDIRENE SOUTO ;DF;NOVO;Nenhuma;Deputado Distrital;Deferido
30111;INDIRA COUTO;DF;NOVO;Nenhuma;Deputado Distrital;Deferido
30500;IZA DO NOVO;DF;NOVO;Nenhuma;Deputado Distrital;Deferido
30444;MÔNICA ALVARES;DF;NOVO;Nenhuma;Deputado Distrital;Deferido
180;MUTÁ SANCHEZ;DF;PSOL;Federação PSOL REDE;1º Suplente;Deferido
142;SIDNEY PESSÔA;DF;PTB;Nenhuma;1º Suplente;Deferido
100;MANOEL ARRUDA;DF;UNIÃO;Nenhuma;1º Suplente;Deferido
142;PROFESSOR RACHID;DF;PTB;Nenhuma;2º Suplente;Deferido
12;GUILHERME CAMPELO;DF;PDT;Nenhuma;Vice-Governador;Deferido
11911;PROFESSOR DARLEY;DF;PP;Nenhuma;Deputado Distrital;Indeferido
23123;CLAUDECI LUART;DF;CIDADANIA;Federação PSDB Cidadania;Deputado Distrital;Indeferido
